<?xml version="1.0"?>
<doc>
    <assembly>
        <name>Microsoft.TeamFoundation.Work.WebApi</name>
    </assembly>
    <members>
        <member name="T:Microsoft.TeamFoundation.Work.WebApi.TeamSettingsApiConstants">
            <summary>
            Constants for the TeamSettings WebApi interface.
            </summary>
        </member>
        <member name="T:Microsoft.TeamFoundation.Work.WebApi.ShallowReference">
            <summary>
            An abstracted reference to some other resource. This class is used to provide the board
            data contracts with a uniform way to reference other resources in a way that provides easy
            traversal through links.
            </summary>
        </member>
        <member name="P:Microsoft.TeamFoundation.Work.WebApi.ShallowReference.Id">
            <summary>
            Id of the resource
            </summary>
        </member>
        <member name="P:Microsoft.TeamFoundation.Work.WebApi.ShallowReference.Url">
            <summary>
            Full http link to the resource
            </summary>
        </member>
        <member name="P:Microsoft.TeamFoundation.Work.WebApi.ShallowReference.Name">
            <summary>
            Name of the resource
            </summary>
        </member>
        <member name="P:Microsoft.TeamFoundation.Work.WebApi.BoardChartReference.Name">
            <summary>
            Name of the resource
            </summary>
        </member>
        <member name="P:Microsoft.TeamFoundation.Work.WebApi.BoardChartReference.Url">
            <summary>
            Full http link to the resource
            </summary>
        </member>
        <member name="P:Microsoft.TeamFoundation.Work.WebApi.BoardChart.Settings">
            <summary>
            The settings for the resource
            </summary>
        </member>
        <member name="P:Microsoft.TeamFoundation.Work.WebApi.BoardChart.Links">
            <summary>
            The links for the resource
            </summary>
        </member>
        <member name="P:Microsoft.TeamFoundation.Work.WebApi.DateRange.Start">
            <summary>
            Start of the date range.
            </summary>
        </member>
        <member name="P:Microsoft.TeamFoundation.Work.WebApi.DateRange.End">
            <summary>
            End of the date range.
            </summary>
        </member>
        <member name="T:Microsoft.TeamFoundation.Work.WebApi.TeamMemberCapacity">
            <summary>
            Represents capacity for a specific team member
            </summary>
        </member>
        <member name="T:Microsoft.TeamFoundation.Work.WebApi.TeamSettingsDataContractBase">
            <summary>
            Base class for TeamSettings data contracts. Anything common goes here.
            </summary>
        </member>
        <member name="P:Microsoft.TeamFoundation.Work.WebApi.TeamSettingsDataContractBase.Url">
            <summary>
            Full http link to the resource
            </summary>
        </member>
        <member name="P:Microsoft.TeamFoundation.Work.WebApi.TeamSettingsDataContractBase.Links">
            <summary>
            Collection of links relevant to resource
            </summary>
        </member>
        <member name="P:Microsoft.TeamFoundation.Work.WebApi.TeamMemberCapacity.TeamMember">
            <summary>
            Shallow Ref to the associated team member
            </summary>
        </member>
        <member name="P:Microsoft.TeamFoundation.Work.WebApi.TeamMemberCapacity.Activities">
            <summary>
            Collection of capacities associated with the team member
            </summary>
        </member>
        <member name="P:Microsoft.TeamFoundation.Work.WebApi.TeamMemberCapacity.DaysOff">
            <summary>
            The days off associated with the team member
            </summary>
        </member>
        <member name="T:Microsoft.TeamFoundation.Work.WebApi.CapacityPatch">
            <summary>
            Expected data from PATCH
            </summary>
        </member>
        <member name="T:Microsoft.TeamFoundation.Work.WebApi.FieldReference">
            <summary>
            An abstracted reference to a field
            </summary>
        </member>
        <member name="P:Microsoft.TeamFoundation.Work.WebApi.FieldReference.ReferenceName">
            <summary>
            fieldRefName for the field
            </summary>
        </member>
        <member name="P:Microsoft.TeamFoundation.Work.WebApi.FieldReference.Url">
            <summary>
            Full http link to more information about the field
            </summary>
        </member>
        <member name="T:Microsoft.TeamFoundation.Work.WebApi.TeamFieldValue">
            <summary>
            Represents a single TeamFieldValue
            </summary>
        </member>
        <member name="T:Microsoft.TeamFoundation.Work.WebApi.TeamFieldValues">
            <summary>
            Essentially a collection of tem field values
            </summary>
        </member>
        <member name="P:Microsoft.TeamFoundation.Work.WebApi.TeamFieldValues.Field">
            <summary>
            Shallow ref to the field being used as a team field
            </summary>
        </member>
        <member name="P:Microsoft.TeamFoundation.Work.WebApi.TeamFieldValues.DefaultValue">
            <summary>
            The default team field value
            </summary>
        </member>
        <member name="P:Microsoft.TeamFoundation.Work.WebApi.TeamFieldValues.Values">
            <summary>
            Collection of all valid team field values
            </summary>
        </member>
        <member name="T:Microsoft.TeamFoundation.Work.WebApi.TeamFieldValuesPatch">
            <summary>
            Expected data from PATCH
            </summary>
        </member>
        <member name="T:Microsoft.TeamFoundation.Work.WebApi.BugsBehavior">
            <summary>
            The behavior of the work item types that are in the work item category 
            specified in the BugWorkItems section in the Process Configuration
            </summary>
        </member>
        <member name="T:Microsoft.TeamFoundation.Work.WebApi.TeamSetting">
            <summary>
            Data contract for TeamSettings
            </summary>
        </member>
        <member name="P:Microsoft.TeamFoundation.Work.WebApi.TeamSetting.BacklogIteration">
            <summary>
            Default Iteration
            </summary>
        </member>
        <member name="P:Microsoft.TeamFoundation.Work.WebApi.TeamSetting.BugsBehavior">
            <summary>
            BugsBehavior (Off, AsTasks, AsRequirements, ...)
            </summary>
        </member>
        <member name="P:Microsoft.TeamFoundation.Work.WebApi.TeamSetting.WorkingDays">
            <summary>
            Days that the team is working
            </summary>
        </member>
        <member name="P:Microsoft.TeamFoundation.Work.WebApi.TeamSetting.BacklogVisibilities">
            <summary>
            Information about categories that are visible on the backlog.
            </summary>
        </member>
        <member name="T:Microsoft.TeamFoundation.Work.WebApi.TeamSettingsPatch">
            <summary>
            Data contract for what we expect to receive when PATCH
            </summary>
        </member>
        <member name="T:Microsoft.TeamFoundation.Work.WebApi.TeamSettingsIteration">
            <summary>
            Represents a shallow ref for a single iteration
            </summary>
        </member>
        <member name="P:Microsoft.TeamFoundation.Work.WebApi.TeamSettingsIteration.Id">
            <summary>
            Id of the resource
            </summary>
        </member>
        <member name="P:Microsoft.TeamFoundation.Work.WebApi.TeamSettingsIteration.Name">
            <summary>
            Name of the resource
            </summary>
        </member>
        <member name="P:Microsoft.TeamFoundation.Work.WebApi.TeamSettingsIteration.Path">
            <summary>
            Relative path of the iteration
            </summary>
        </member>
        <member name="P:Microsoft.TeamFoundation.Work.WebApi.TeamSettingsIteration.Attributes">
            <summary>
            Attributes such as start and end date
            </summary>
        </member>
        <member name="M:Microsoft.TeamFoundation.Work.WebApi.WorkHttpClient.GetBoardAsync(Microsoft.TeamFoundation.Core.WebApi.Types.TeamContext,System.String,System.Object,System.Threading.CancellationToken)">
            <summary>
            Get board API
            </summary>
            <param name="teamContext">The team context for the operation</param>
            <param name="id">Identifier for board, either category plural name (Eg:"Stories") or Guid</param>
        </member>
        <member name="M:Microsoft.TeamFoundation.Work.WebApi.WorkHttpClient.GetBoardsAsync(Microsoft.TeamFoundation.Core.WebApi.Types.TeamContext,System.Object,System.Threading.CancellationToken)">
             <summary>
            
             </summary>
             <param name="teamContext">The team context for the operation</param>
        </member>
        <member name="M:Microsoft.TeamFoundation.Work.WebApi.WorkHttpClient.GetCapacitiesAsync(Microsoft.TeamFoundation.Core.WebApi.Types.TeamContext,System.Guid,System.Object,System.Threading.CancellationToken)">
             <summary>
            
             </summary>
             <param name="teamContext">The team context for the operation</param>
             <param name="iterationId"></param>
        </member>
        <member name="M:Microsoft.TeamFoundation.Work.WebApi.WorkHttpClient.GetCapacityAsync(Microsoft.TeamFoundation.Core.WebApi.Types.TeamContext,System.Guid,System.Guid,System.Object,System.Threading.CancellationToken)">
             <summary>
            
             </summary>
             <param name="teamContext">The team context for the operation</param>
             <param name="iterationId"></param>
             <param name="teamMemberId"></param>
        </member>
        <member name="M:Microsoft.TeamFoundation.Work.WebApi.WorkHttpClient.UpdateCapacityAsync(Microsoft.TeamFoundation.Work.WebApi.CapacityPatch,Microsoft.TeamFoundation.Core.WebApi.Types.TeamContext,System.Guid,System.Guid,System.Object,System.Threading.CancellationToken)">
             <summary>
            
             </summary>
             <param name="patch"></param>
             <param name="teamContext">The team context for the operation</param>
             <param name="iterationId"></param>
             <param name="teamMemberId"></param>
        </member>
        <member name="M:Microsoft.TeamFoundation.Work.WebApi.WorkHttpClient.GetBoardCardRuleSettingsAsync(Microsoft.TeamFoundation.Core.WebApi.Types.TeamContext,System.String,System.Object,System.Threading.CancellationToken)">
            <summary>
            [Preview API] Get board card Rule settings for the board id or board by name
            </summary>
            <param name="teamContext">The team context for the operation</param>
            <param name="board"></param>
        </member>
        <member name="M:Microsoft.TeamFoundation.Work.WebApi.WorkHttpClient.UpdateBoardCardRuleSettingsAsync(Microsoft.TeamFoundation.Work.WebApi.BoardCardRuleSettings,Microsoft.TeamFoundation.Core.WebApi.Types.TeamContext,System.String,System.Object,System.Threading.CancellationToken)">
            <summary>
            [Preview API] Update board card Rule settings for the board id or board by name
            </summary>
            <param name="boardCardRuleSettings"></param>
            <param name="teamContext">The team context for the operation</param>
            <param name="board"></param>
        </member>
        <member name="M:Microsoft.TeamFoundation.Work.WebApi.WorkHttpClient.GetBoardCardSettingsAsync(Microsoft.TeamFoundation.Core.WebApi.Types.TeamContext,System.String,System.Object,System.Threading.CancellationToken)">
            <summary>
            Get board card settings for the board id or board by name
            </summary>
            <param name="teamContext">The team context for the operation</param>
            <param name="board"></param>
        </member>
        <member name="M:Microsoft.TeamFoundation.Work.WebApi.WorkHttpClient.UpdateBoardCardSettingsAsync(Microsoft.TeamFoundation.Work.WebApi.BoardCardSettings,Microsoft.TeamFoundation.Core.WebApi.Types.TeamContext,System.String,System.Object,System.Threading.CancellationToken)">
            <summary>
            Update board card settings for the board id or board by name
            </summary>
            <param name="boardCardSettingsToSave"></param>
            <param name="teamContext">The team context for the operation</param>
            <param name="board"></param>
        </member>
        <member name="M:Microsoft.TeamFoundation.Work.WebApi.WorkHttpClient.GetBoardChartAsync(Microsoft.TeamFoundation.Core.WebApi.Types.TeamContext,System.String,System.String,System.Object,System.Threading.CancellationToken)">
            <summary>
            Get a board chart
            </summary>
            <param name="teamContext">The team context for the operation</param>
            <param name="board">Identifier for board, either category plural name (Eg:"Stories") or Guid</param>
            <param name="name">The chart name</param>
        </member>
        <member name="M:Microsoft.TeamFoundation.Work.WebApi.WorkHttpClient.GetBoardChartsAsync(Microsoft.TeamFoundation.Core.WebApi.Types.TeamContext,System.String,System.Object,System.Threading.CancellationToken)">
            <summary>
            Get board charts
            </summary>
            <param name="teamContext">The team context for the operation</param>
            <param name="board">Identifier for board, either category plural name (Eg:"Stories") or Guid</param>
        </member>
        <member name="M:Microsoft.TeamFoundation.Work.WebApi.WorkHttpClient.UpdateBoardChartAsync(Microsoft.TeamFoundation.Work.WebApi.BoardChart,Microsoft.TeamFoundation.Core.WebApi.Types.TeamContext,System.String,System.String,System.Object,System.Threading.CancellationToken)">
            <summary>
            Update a board chart
            </summary>
            <param name="chart"></param>
            <param name="teamContext">The team context for the operation</param>
            <param name="board">Identifier for board, either category plural name (Eg:"Stories") or Guid</param>
            <param name="name">The chart name</param>
        </member>
        <member name="M:Microsoft.TeamFoundation.Work.WebApi.WorkHttpClient.GetBoardColumnsAsync(Microsoft.TeamFoundation.Core.WebApi.Types.TeamContext,System.String,System.Object,System.Threading.CancellationToken)">
             <summary>
            
             </summary>
             <param name="teamContext">The team context for the operation</param>
             <param name="board"></param>
        </member>
        <member name="M:Microsoft.TeamFoundation.Work.WebApi.WorkHttpClient.UpdateBoardColumnsAsync(System.Collections.Generic.IEnumerable{Microsoft.TeamFoundation.Work.WebApi.BoardColumn},Microsoft.TeamFoundation.Core.WebApi.Types.TeamContext,System.String,System.Object,System.Threading.CancellationToken)">
             <summary>
            
             </summary>
             <param name="boardColumns"></param>
             <param name="teamContext">The team context for the operation</param>
             <param name="board"></param>
        </member>
        <member name="M:Microsoft.TeamFoundation.Work.WebApi.WorkHttpClient.DeleteTeamIterationAsync(Microsoft.TeamFoundation.Core.WebApi.Types.TeamContext,System.Guid,System.Object,System.Threading.CancellationToken)">
             <summary>
            
             </summary>
             <param name="teamContext">The team context for the operation</param>
             <param name="id"></param>
        </member>
        <member name="M:Microsoft.TeamFoundation.Work.WebApi.WorkHttpClient.GetTeamIterationAsync(Microsoft.TeamFoundation.Core.WebApi.Types.TeamContext,System.Guid,System.Object,System.Threading.CancellationToken)">
             <summary>
            
             </summary>
             <param name="teamContext">The team context for the operation</param>
             <param name="id"></param>
        </member>
        <member name="M:Microsoft.TeamFoundation.Work.WebApi.WorkHttpClient.GetTeamIterationsAsync(Microsoft.TeamFoundation.Core.WebApi.Types.TeamContext,System.String,System.Object,System.Threading.CancellationToken)">
             <summary>
            
             </summary>
             <param name="teamContext">The team context for the operation</param>
             <param name="timeframe"></param>
        </member>
        <member name="M:Microsoft.TeamFoundation.Work.WebApi.WorkHttpClient.PostTeamIterationAsync(Microsoft.TeamFoundation.Work.WebApi.TeamSettingsIteration,Microsoft.TeamFoundation.Core.WebApi.Types.TeamContext,System.Object,System.Threading.CancellationToken)">
             <summary>
            
             </summary>
             <param name="iteration"></param>
             <param name="teamContext">The team context for the operation</param>
        </member>
        <member name="M:Microsoft.TeamFoundation.Work.WebApi.WorkHttpClient.GetBoardRowsAsync(Microsoft.TeamFoundation.Core.WebApi.Types.TeamContext,System.String,System.Object,System.Threading.CancellationToken)">
             <summary>
            
             </summary>
             <param name="teamContext">The team context for the operation</param>
             <param name="board"></param>
        </member>
        <member name="M:Microsoft.TeamFoundation.Work.WebApi.WorkHttpClient.UpdateBoardRowsAsync(System.Collections.Generic.IEnumerable{Microsoft.TeamFoundation.Work.WebApi.BoardRow},Microsoft.TeamFoundation.Core.WebApi.Types.TeamContext,System.String,System.Object,System.Threading.CancellationToken)">
             <summary>
            
             </summary>
             <param name="boardRows"></param>
             <param name="teamContext">The team context for the operation</param>
             <param name="board"></param>
        </member>
        <member name="M:Microsoft.TeamFoundation.Work.WebApi.WorkHttpClient.GetTeamDaysOffAsync(Microsoft.TeamFoundation.Core.WebApi.Types.TeamContext,System.Guid,System.Object,System.Threading.CancellationToken)">
             <summary>
            
             </summary>
             <param name="teamContext">The team context for the operation</param>
             <param name="iterationId"></param>
        </member>
        <member name="M:Microsoft.TeamFoundation.Work.WebApi.WorkHttpClient.UpdateTeamDaysOffAsync(Microsoft.TeamFoundation.Work.WebApi.TeamSettingsDaysOffPatch,Microsoft.TeamFoundation.Core.WebApi.Types.TeamContext,System.Guid,System.Object,System.Threading.CancellationToken)">
             <summary>
            
             </summary>
             <param name="daysOffPatch"></param>
             <param name="teamContext">The team context for the operation</param>
             <param name="iterationId"></param>
        </member>
        <member name="M:Microsoft.TeamFoundation.Work.WebApi.WorkHttpClient.GetTeamFieldValuesAsync(Microsoft.TeamFoundation.Core.WebApi.Types.TeamContext,System.Object,System.Threading.CancellationToken)">
             <summary>
            
             </summary>
             <param name="teamContext">The team context for the operation</param>
        </member>
        <member name="M:Microsoft.TeamFoundation.Work.WebApi.WorkHttpClient.UpdateTeamFieldValuesAsync(Microsoft.TeamFoundation.Work.WebApi.TeamFieldValuesPatch,Microsoft.TeamFoundation.Core.WebApi.Types.TeamContext,System.Object,System.Threading.CancellationToken)">
             <summary>
            
             </summary>
             <param name="patch"></param>
             <param name="teamContext">The team context for the operation</param>
        </member>
        <member name="M:Microsoft.TeamFoundation.Work.WebApi.WorkHttpClient.GetTeamSettingsAsync(Microsoft.TeamFoundation.Core.WebApi.Types.TeamContext,System.Object,System.Threading.CancellationToken)">
             <summary>
            
             </summary>
             <param name="teamContext">The team context for the operation</param>
        </member>
        <member name="M:Microsoft.TeamFoundation.Work.WebApi.WorkHttpClient.UpdateTeamSettingsAsync(Microsoft.TeamFoundation.Work.WebApi.TeamSettingsPatch,Microsoft.TeamFoundation.Core.WebApi.Types.TeamContext,System.Object,System.Threading.CancellationToken)">
             <summary>
            
             </summary>
             <param name="teamSettingsPatch"></param>
             <param name="teamContext">The team context for the operation</param>
        </member>
    </members>
</doc>
